Posting Date,Description,Amount,Type,Balance
2022-01-01,Streaming Services,-18.65,ACH_DEBIT,1857.88
2022-01-02,Groceries,-141.83,ACH_DEBIT,1960.97
2022-01-04,Shopping,-41.97,QUICKPAY_DEBIT,955.72
2022-01-04,Restaurant,-35.64,ACH_DEBIT,944.28
2022-01-05,Travel,-49.04,DEBIT_CARD,1694.83
2022-01-05,Streaming Services,-8.67,QUICKPAY_DEBIT,1615.3
2022-01-06,Snacks,-7.14,DEBIT_CARD,2825.26
2022-01-06,Groceries,-92.29,DEBIT_CARD,2194.26
2022-01-08,Restaurant,-47.11,QUICKPAY_DEBIT,1877.24
2022-01-09,Travel,-40.02,DEBIT_CARD,871.76
2022-01-09,Groceries,-58.61,ACH_DEBIT,1704.08
2022-01-10,Snacks,-6.94,ACH_DEBIT,2487.65
2022-01-10,Groceries,-121.18,ACH_DEBIT,2570.64
2022-01-11,Travel,-141.49,ACH_DEBIT,851.58
2022-01-11,Snacks,-9.48,DEBIT_CARD,1476.88
2022-01-12,Travel,-83.74,QUICKPAY_DEBIT,1724.96
2022-01-12,Shopping,-49.44,QUICKPAY_DEBIT,508.49
2022-01-13,Shopping,-21.72,ACH_DEBIT,192.34
2022-01-13,Groceries,-37.84,DEBIT_CARD,240.93
2022-01-15,Travel,-112.06,DEBIT_CARD,1201.71
2022-01-15,Restaurant,-32.42,ACH_DEBIT,1014.24
2022-01-16,Shopping,-33.33,QUICKPAY_DEBIT,1350.69
2022-01-18,Shopping,-59.81,DEBIT_CARD,257.46
2022-01-19,Streaming Services,-13.99,QUICKPAY_DEBIT,725.17
2022-01-21,Snacks,-1.45,DEBIT_CARD,2723.73
2022-01-21,Shopping,-32.16,DEBIT_CARD,2744.76
2022-01-22,Travel,-119.99,ACH_DEBIT,2735.85
2022-01-22,Streaming Services,-19.5,ACH_DEBIT,1489.77
2022-01-23,Restaurant,-42.89,QUICKPAY_DEBIT,1953.34
2022-01-26,Travel,-149.3,DEBIT_CARD,2477.3
2022-01-26,Coffee,-9.31,QUICKPAY_DEBIT,2252.81
2022-01-27,Groceries,-42.99,QUICKPAY_DEBIT,1078.65
2022-01-28,Streaming Services,-18.55,DEBIT_CARD,1396.2
2022-01-28,Streaming Services,-17.98,ACH_DEBIT,410.5
2022-01-29,Coffee,-4.44,QUICKPAY_DEBIT,2167.81
2022-01-30,Travel,-58.95,DEBIT_CARD,600.09
2022-01-30,Restaurant,-40.19,QUICKPAY_DEBIT,2851.32
2022-01-31,Shopping,-78.34,QUICKPAY_DEBIT,2392.62
2022-01-31,Snacks,-2.71,ACH_DEBIT,2816.91
2022-02-01,Groceries,-17.92,DEBIT_CARD,571.82
2022-02-01,Snacks,-5.69,DEBIT_CARD,1683.03
2022-02-02,Coffee,-2.93,QUICKPAY_DEBIT,745.3
2022-02-03,Streaming Services,-13.47,QUICKPAY_DEBIT,1858.53
2022-02-05,Streaming Services,-6.52,ACH_DEBIT,971.85
2022-02-07,Coffee,-2.26,DEBIT_CARD,2677.88
2022-02-09,Restaurant,-42.69,QUICKPAY_DEBIT,825.92
2022-02-11,Snacks,-4.96,DEBIT_CARD,1114.09
2022-02-11,Coffee,-5.93,QUICKPAY_DEBIT,2218.83
2022-02-12,Travel,-107.25,QUICKPAY_DEBIT,2281.01
2022-02-12,Travel,-130.64,ACH_DEBIT,2622.47
2022-02-13,Shopping,-84.26,QUICKPAY_DEBIT,1286.47
2022-02-13,Travel,-29.01,QUICKPAY_DEBIT,1692.14
2022-02-14,Travel,-47.19,ACH_DEBIT,959.47
2022-02-16,Coffee,-6.31,DEBIT_CARD,2918.68
2022-02-17,Shopping,-26.56,ACH_DEBIT,1142.42
2022-02-18,Shopping,-26.19,QUICKPAY_DEBIT,1229.99
2022-02-19,Groceries,-128.39,QUICKPAY_DEBIT,348.18
2022-02-21,Travel,-74.46,DEBIT_CARD,1899.18
2022-02-21,Shopping,-28.12,DEBIT_CARD,1983.19
2022-02-22,Snacks,-4.41,QUICKPAY_DEBIT,248.38
2022-02-22,Shopping,-46.26,ACH_DEBIT,1781.55
2022-02-23,Travel,-124.2,DEBIT_CARD,2044.7
2022-02-24,Groceries,-137.73,QUICKPAY_DEBIT,898.4
2022-02-25,Shopping,-94.71,DEBIT_CARD,931.02
2022-02-26,Snacks,-7.84,ACH_DEBIT,2716.48
2022-02-26,Restaurant,-25.13,QUICKPAY_DEBIT,2831.68
2022-02-27,Snacks,-8.32,DEBIT_CARD,1121.04
2022-02-27,Shopping,-34.39,ACH_DEBIT,105.71
2022-02-28,Travel,-113.8,DEBIT_CARD,947.89
2022-03-01,Snacks,-8.72,QUICKPAY_DEBIT,1591.09
2022-03-01,Restaurant,-15.91,DEBIT_CARD,383.37
2022-03-02,Shopping,-91.72,DEBIT_CARD,2731.08
2022-03-04,Streaming Services,-17.77,DEBIT_CARD,2133.71
2022-03-04,Streaming Services,-5.62,QUICKPAY_DEBIT,2956.84
2022-03-07,Snacks,-5.22,DEBIT_CARD,1904.13
2022-03-07,Restaurant,-29.06,QUICKPAY_DEBIT,1475.75
2022-03-08,Shopping,-89.28,ACH_DEBIT,584.04
2022-03-08,Coffee,-7.73,ACH_DEBIT,1416.94
2022-03-09,Restaurant,-18.87,QUICKPAY_DEBIT,153.11
2022-03-10,Groceries,-81.57,ACH_DEBIT,230.4
2022-03-10,Snacks,-8.79,QUICKPAY_DEBIT,2321.5
2022-03-12,Snacks,-3.98,ACH_DEBIT,2563.36
2022-03-14,Shopping,-64.55,DEBIT_CARD,559.86
2022-03-15,Streaming Services,-18.17,DEBIT_CARD,1409.75
2022-03-16,Shopping,-73.64,QUICKPAY_DEBIT,2307.71
2022-03-16,Shopping,-20.3,QUICKPAY_DEBIT,2102.37
2022-03-17,Restaurant,-16.74,DEBIT_CARD,801.3
2022-03-18,Streaming Services,-13.01,DEBIT_CARD,1055.51
2022-03-21,Restaurant,-11.51,QUICKPAY_DEBIT,1140.18
2022-03-22,Groceries,-10.17,QUICKPAY_DEBIT,1632.4
2022-03-23,Coffee,-5.36,QUICKPAY_DEBIT,2690.1
2022-03-23,Travel,-136.3,QUICKPAY_DEBIT,1410.53
2022-03-24,Shopping,-47.48,ACH_DEBIT,736.15
2022-03-24,Shopping,-73.2,QUICKPAY_DEBIT,1134.21
2022-03-25,Snacks,-5.42,DEBIT_CARD,2670.33
2022-03-25,Groceries,-42.38,ACH_DEBIT,322.94
2022-03-29,Coffee,-8.1,DEBIT_CARD,2187.09
2022-03-30,Coffee,-3.58,QUICKPAY_DEBIT,2444.5
2022-04-02,Streaming Services,-6.79,QUICKPAY_DEBIT,843.05
2022-04-02,Snacks,-5.21,ACH_DEBIT,2459.3
2022-04-03,Snacks,-9.85,ACH_DEBIT,2469.88
2022-04-04,Coffee,-2.6,QUICKPAY_DEBIT,1447.18
2022-04-04,Snacks,-1.38,QUICKPAY_DEBIT,987.1
2022-04-06,Coffee,-6.3,QUICKPAY_DEBIT,1085.16
2022-04-07,Snacks,-1.63,ACH_DEBIT,1767.49
2022-04-07,Coffee,-4.84,ACH_DEBIT,1560.7
2022-04-08,Restaurant,-38.76,QUICKPAY_DEBIT,2950.33
2022-04-10,Streaming Services,-18.15,ACH_DEBIT,2426.69
2022-04-10,Snacks,-2.91,ACH_DEBIT,824.48
2022-04-11,Travel,-57.85,QUICKPAY_DEBIT,653.44
2022-04-12,Streaming Services,-14.7,ACH_DEBIT,1412.84
2022-04-13,Snacks,-2.83,DEBIT_CARD,2365.56
2022-04-13,Travel,-26.19,QUICKPAY_DEBIT,1203.26
2022-04-14,Restaurant,-38.3,DEBIT_CARD,544.45
2022-04-17,Groceries,-123.69,DEBIT_CARD,274.33
2022-04-17,Groceries,-104.14,ACH_DEBIT,1084.64
2022-04-19,Travel,-134.63,ACH_DEBIT,1084.47
2022-04-20,Restaurant,-13.01,DEBIT_CARD,2165.13
2022-04-22,Snacks,-5.0,DEBIT_CARD,2082.7
2022-04-25,Streaming Services,-16.75,ACH_DEBIT,900.05
2022-04-25,Streaming Services,-7.62,QUICKPAY_DEBIT,2818.61
2022-04-26,Groceries,-11.96,DEBIT_CARD,2733.24
2022-04-28,Shopping,-70.38,QUICKPAY_DEBIT,1818.14
2022-04-30,Streaming Services,-13.18,QUICKPAY_DEBIT,367.4
2022-05-01,Snacks,-9.21,DEBIT_CARD,569.94
2022-05-03,Groceries,-134.73,ACH_DEBIT,1847.3
2022-05-05,Groceries,-40.64,ACH_DEBIT,2728.91
2022-05-05,Streaming Services,-8.6,QUICKPAY_DEBIT,1510.17
2022-05-06,Restaurant,-27.25,DEBIT_CARD,2983.77
2022-05-06,Streaming Services,-13.38,ACH_DEBIT,337.6
2022-05-07,Travel,-137.58,DEBIT_CARD,381.58
2022-05-08,Snacks,-6.83,QUICKPAY_DEBIT,2107.59
2022-05-08,Streaming Services,-14.76,DEBIT_CARD,937.51
2022-05-09,Coffee,-2.42,DEBIT_CARD,1304.38
2022-05-09,Coffee,-6.26,ACH_DEBIT,290.45
2022-05-10,Travel,-84.77,DEBIT_CARD,1331.36
2022-05-12,Coffee,-6.81,ACH_DEBIT,2521.07
2022-05-12,Streaming Services,-8.79,QUICKPAY_DEBIT,1477.06
2022-05-13,Coffee,-8.19,QUICKPAY_DEBIT,2473.69
2022-05-13,Groceries,-48.33,DEBIT_CARD,1117.34
2022-05-14,Travel,-112.28,DEBIT_CARD,536.42
2022-05-15,Restaurant,-13.44,ACH_DEBIT,893.46
2022-05-15,Groceries,-24.78,ACH_DEBIT,487.52
2022-05-16,Snacks,-3.01,ACH_DEBIT,1205.69
2022-05-16,Shopping,-42.74,DEBIT_CARD,963.96
2022-05-18,Travel,-77.75,ACH_DEBIT,509.53
2022-05-19,Groceries,-10.75,DEBIT_CARD,2693.2
2022-05-22,Coffee,-8.52,DEBIT_CARD,1484.67
2022-05-23,Snacks,-7.42,DEBIT_CARD,2086.7
2022-05-24,Streaming Services,-12.5,QUICKPAY_DEBIT,2143.4
2022-05-24,Groceries,-100.45,ACH_DEBIT,1158.83
2022-05-26,Shopping,-74.14,ACH_DEBIT,1159.36
2022-05-26,Streaming Services,-14.78,QUICKPAY_DEBIT,1518.61
2022-05-28,Streaming Services,-18.97,DEBIT_CARD,1673.52
2022-05-28,Travel,-130.13,ACH_DEBIT,971.56
2022-05-30,Snacks,-1.59,DEBIT_CARD,1143.23
2022-05-30,Restaurant,-17.65,ACH_DEBIT,2058.36
2022-06-03,Snacks,-2.91,ACH_DEBIT,1951.67
2022-06-03,Streaming Services,-19.94,QUICKPAY_DEBIT,407.61
2022-06-05,Groceries,-139.98,DEBIT_CARD,1522.7
2022-06-05,Snacks,-8.77,DEBIT_CARD,2263.85
2022-06-07,Travel,-116.28,DEBIT_CARD,2155.88
2022-06-07,Restaurant,-41.47,DEBIT_CARD,253.93
2022-06-09,Snacks,-3.75,ACH_DEBIT,2615.79
2022-06-10,Shopping,-44.55,QUICKPAY_DEBIT,412.66
2022-06-10,Shopping,-69.04,ACH_DEBIT,2102.82
2022-06-11,Streaming Services,-5.28,QUICKPAY_DEBIT,148.82
2022-06-11,Snacks,-3.86,QUICKPAY_DEBIT,1663.0
2022-06-13,Streaming Services,-15.99,DEBIT_CARD,783.28
2022-06-14,Travel,-69.82,DEBIT_CARD,2403.29
2022-06-15,Coffee,-3.95,DEBIT_CARD,1444.58
2022-06-16,Travel,-98.6,DEBIT_CARD,756.68
2022-06-17,Snacks,-7.31,DEBIT_CARD,2071.11
2022-06-17,Restaurant,-31.72,QUICKPAY_DEBIT,1783.85
2022-06-18,Streaming Services,-19.58,QUICKPAY_DEBIT,291.36
2022-06-18,Travel,-52.33,DEBIT_CARD,2936.07
2022-06-19,Coffee,-3.76,DEBIT_CARD,332.22
2022-06-19,Restaurant,-22.63,ACH_DEBIT,748.86
2022-06-20,Restaurant,-37.17,QUICKPAY_DEBIT,1052.99
2022-06-20,Coffee,-8.46,QUICKPAY_DEBIT,316.02
2022-06-21,Shopping,-82.15,DEBIT_CARD,1486.56
2022-06-22,Snacks,-4.91,QUICKPAY_DEBIT,405.26
2022-06-22,Travel,-65.83,QUICKPAY_DEBIT,914.11
2022-06-23,Coffee,-3.36,ACH_DEBIT,2938.96
2022-06-23,Restaurant,-12.52,QUICKPAY_DEBIT,1164.55
2022-06-24,Travel,-146.7,ACH_DEBIT,2684.73
2022-06-24,Snacks,-8.28,ACH_DEBIT,2818.42
2022-06-28,Streaming Services,-5.25,ACH_DEBIT,1830.42
2022-06-28,Groceries,-124.29,ACH_DEBIT,1445.65
2022-06-29,Snacks,-8.87,ACH_DEBIT,838.74
2022-07-01,Streaming Services,-6.84,ACH_DEBIT,133.04
2022-07-01,Groceries,-136.06,QUICKPAY_DEBIT,1351.86
2022-07-02,Coffee,-7.29,DEBIT_CARD,1830.06
2022-07-02,Snacks,-6.2,QUICKPAY_DEBIT,1985.04
2022-07-03,Groceries,-30.56,ACH_DEBIT,2301.61
2022-07-05,Groceries,-92.16,DEBIT_CARD,1757.37
2022-07-07,Groceries,-108.54,QUICKPAY_DEBIT,853.8
2022-07-07,Streaming Services,-5.95,DEBIT_CARD,1696.63
2022-07-09,Groceries,-64.0,DEBIT_CARD,226.15
2022-07-10,Snacks,-3.23,QUICKPAY_DEBIT,789.4
2022-07-12,Coffee,-5.08,DEBIT_CARD,545.07
2022-07-12,Groceries,-149.21,DEBIT_CARD,2805.97
2022-07-15,Streaming Services,-13.33,ACH_DEBIT,723.66
2022-07-16,Groceries,-115.16,DEBIT_CARD,1344.84
2022-07-16,Shopping,-39.79,ACH_DEBIT,2948.28
2022-07-17,Groceries,-143.81,DEBIT_CARD,877.85
2022-07-17,Restaurant,-48.3,DEBIT_CARD,2084.85
2022-07-19,Snacks,-7.05,DEBIT_CARD,1168.45
2022-07-20,Coffee,-3.55,QUICKPAY_DEBIT,1066.53
2022-07-20,Streaming Services,-7.19,QUICKPAY_DEBIT,2919.44
2022-07-21,Snacks,-4.07,DEBIT_CARD,2723.73
2022-07-22,Coffee,-7.46,DEBIT_CARD,1707.04
2022-07-25,Shopping,-85.16,QUICKPAY_DEBIT,1403.85
2022-07-25,Streaming Services,-17.55,QUICKPAY_DEBIT,952.44
2022-07-27,Streaming Services,-12.33,QUICKPAY_DEBIT,2113.72
2022-07-27,Snacks,-3.17,ACH_DEBIT,1521.25
2022-07-28,Snacks,-8.85,ACH_DEBIT,1020.81
2022-07-28,Travel,-38.53,DEBIT_CARD,2436.9
2022-07-30,Travel,-76.75,QUICKPAY_DEBIT,214.56
2022-07-30,Restaurant,-37.6,QUICKPAY_DEBIT,248.29
2022-07-31,Snacks,-1.62,ACH_DEBIT,1661.04
2022-07-31,Snacks,-7.49,ACH_DEBIT,745.79
2022-08-01,Streaming Services,-7.33,ACH_DEBIT,2226.31
2022-08-02,Snacks,-8.39,QUICKPAY_DEBIT,502.83
2022-08-04,Streaming Services,-15.91,ACH_DEBIT,1559.78
2022-08-04,Travel,-57.47,DEBIT_CARD,942.84
2022-08-05,Snacks,-6.41,DEBIT_CARD,885.36
2022-08-05,Groceries,-10.58,QUICKPAY_DEBIT,2945.95
2022-08-08,Travel,-73.61,ACH_DEBIT,1190.62
2022-08-08,Travel,-115.14,QUICKPAY_DEBIT,2844.5
2022-08-09,Streaming Services,-16.94,ACH_DEBIT,2805.27
2022-08-09,Coffee,-9.17,QUICKPAY_DEBIT,1091.22
2022-08-10,Streaming Services,-19.22,ACH_DEBIT,982.66
2022-08-15,Groceries,-70.36,QUICKPAY_DEBIT,296.14
2022-08-15,Coffee,-8.37,DEBIT_CARD,2072.75
2022-08-16,Coffee,-2.85,QUICKPAY_DEBIT,278.86
2022-08-17,Groceries,-128.93,QUICKPAY_DEBIT,2708.25
2022-08-18,Streaming Services,-17.47,QUICKPAY_DEBIT,2085.58
2022-08-18,Snacks,-1.7,QUICKPAY_DEBIT,2144.05
2022-08-20,Streaming Services,-18.47,DEBIT_CARD,1462.71
2022-08-24,Snacks,-7.93,ACH_DEBIT,2708.14
2022-08-25,Coffee,-6.3,QUICKPAY_DEBIT,2581.63
2022-08-25,Snacks,-9.58,ACH_DEBIT,1956.43
2022-08-26,Snacks,-2.95,ACH_DEBIT,667.29
2022-08-26,Restaurant,-46.79,ACH_DEBIT,922.5
2022-08-27,Restaurant,-36.41,ACH_DEBIT,740.14
2022-08-28,Shopping,-32.65,QUICKPAY_DEBIT,2346.89
2022-08-28,Groceries,-12.91,ACH_DEBIT,812.12
2022-08-30,Shopping,-23.44,ACH_DEBIT,2819.33
2022-08-30,Coffee,-10.0,ACH_DEBIT,901.27
2022-08-31,Shopping,-61.42,ACH_DEBIT,2807.36
2022-09-01,Restaurant,-30.23,ACH_DEBIT,1952.34
2022-09-01,Shopping,-24.29,QUICKPAY_DEBIT,622.08
2022-09-03,Coffee,-9.17,ACH_DEBIT,1960.44
2022-09-05,Restaurant,-22.11,ACH_DEBIT,534.17
2022-09-05,Restaurant,-27.47,ACH_DEBIT,2870.29
2022-09-07,Groceries,-85.82,ACH_DEBIT,1705.03
2022-09-07,Shopping,-65.6,DEBIT_CARD,141.09
2022-09-09,Snacks,-8.5,ACH_DEBIT,164.82
2022-09-09,Groceries,-19.32,QUICKPAY_DEBIT,661.46
2022-09-10,Shopping,-89.19,ACH_DEBIT,1951.56
2022-09-12,Snacks,-3.65,QUICKPAY_DEBIT,1163.68
2022-09-12,Shopping,-70.7,QUICKPAY_DEBIT,1546.81
2022-09-13,Travel,-82.32,ACH_DEBIT,161.55
2022-09-14,Streaming Services,-13.37,DEBIT_CARD,1840.76
2022-09-14,Streaming Services,-14.39,ACH_DEBIT,1036.99
2022-09-15,Coffee,-4.13,QUICKPAY_DEBIT,1811.32
2022-09-15,Shopping,-36.81,ACH_DEBIT,2086.4
2022-09-16,Shopping,-60.76,ACH_DEBIT,1225.62
2022-09-16,Travel,-63.22,DEBIT_CARD,1906.51
2022-09-19,Travel,-60.56,ACH_DEBIT,413.64
2022-09-20,Streaming Services,-14.01,DEBIT_CARD,1461.48
2022-09-21,Shopping,-89.02,ACH_DEBIT,273.55
2022-09-22,Groceries,-41.76,ACH_DEBIT,821.75
2022-09-23,Snacks,-1.47,DEBIT_CARD,2639.66
2022-09-25,Restaurant,-22.29,ACH_DEBIT,534.45
2022-09-26,Coffee,-8.16,ACH_DEBIT,2300.19
2022-09-26,Snacks,-4.5,QUICKPAY_DEBIT,470.44
2022-09-28,Snacks,-1.77,DEBIT_CARD,1075.05
2022-09-28,Shopping,-18.89,DEBIT_CARD,339.7
2022-09-29,Coffee,-8.9,ACH_DEBIT,1010.27
2022-09-29,Groceries,-127.78,DEBIT_CARD,1701.72
2022-09-30,Groceries,-23.12,DEBIT_CARD,2570.6
2022-09-30,Restaurant,-20.52,QUICKPAY_DEBIT,538.85
2022-10-01,Groceries,-96.45,QUICKPAY_DEBIT,982.48
2022-10-01,Streaming Services,-11.41,ACH_DEBIT,173.5
2022-10-02,Restaurant,-45.33,QUICKPAY_DEBIT,2687.26
2022-10-02,Shopping,-70.03,DEBIT_CARD,1664.44
2022-10-05,Streaming Services,-11.83,ACH_DEBIT,2320.99
2022-10-05,Travel,-21.31,ACH_DEBIT,951.92
2022-10-06,Shopping,-16.57,DEBIT_CARD,398.27
2022-10-07,Snacks,-4.27,DEBIT_CARD,615.34
2022-10-08,Restaurant,-44.11,ACH_DEBIT,1774.66
2022-10-08,Travel,-72.49,QUICKPAY_DEBIT,1014.63
2022-10-09,Streaming Services,-9.2,QUICKPAY_DEBIT,134.26
2022-10-09,Snacks,-9.7,DEBIT_CARD,2452.52
2022-10-10,Streaming Services,-15.81,QUICKPAY_DEBIT,2583.05
2022-10-10,Streaming Services,-9.01,DEBIT_CARD,2113.84
2022-10-11,Groceries,-128.03,ACH_DEBIT,2029.35
2022-10-12,Groceries,-112.21,ACH_DEBIT,2466.37
2022-10-13,Shopping,-54.26,DEBIT_CARD,2390.19
2022-10-14,Travel,-40.53,QUICKPAY_DEBIT,1151.88
2022-10-14,Coffee,-2.6,QUICKPAY_DEBIT,1235.74
2022-10-17,Streaming Services,-18.53,QUICKPAY_DEBIT,1224.48
2022-10-18,Coffee,-7.77,QUICKPAY_DEBIT,292.37
2022-10-18,Travel,-141.99,DEBIT_CARD,1946.5
2022-10-20,Coffee,-9.11,DEBIT_CARD,2144.75
2022-10-23,Restaurant,-33.15,ACH_DEBIT,372.19
2022-10-24,Groceries,-68.05,QUICKPAY_DEBIT,672.8
2022-10-25,Groceries,-71.98,DEBIT_CARD,1112.37
2022-10-26,Travel,-85.14,DEBIT_CARD,2901.78
2022-10-27,Streaming Services,-9.75,DEBIT_CARD,1426.12
2022-10-27,Streaming Services,-6.44,ACH_DEBIT,1464.64
2022-10-28,Coffee,-8.92,ACH_DEBIT,786.58
2022-10-29,Streaming Services,-11.64,QUICKPAY_DEBIT,1314.23
2022-10-29,Groceries,-130.3,ACH_DEBIT,303.71
2022-10-31,Snacks,-7.0,ACH_DEBIT,2938.17
2022-11-01,Shopping,-62.09,DEBIT_CARD,681.23
2022-11-01,Groceries,-98.41,DEBIT_CARD,610.19
2022-11-03,Groceries,-73.58,DEBIT_CARD,2224.65
2022-11-04,Travel,-33.18,DEBIT_CARD,2252.97
2022-11-04,Groceries,-143.2,DEBIT_CARD,2646.85
2022-11-05,Snacks,-2.04,ACH_DEBIT,1875.48
2022-11-05,Travel,-107.39,DEBIT_CARD,836.14
2022-11-06,Travel,-102.75,QUICKPAY_DEBIT,450.32
2022-11-06,Groceries,-30.74,DEBIT_CARD,2055.53
2022-11-07,Streaming Services,-8.99,QUICKPAY_DEBIT,869.59
2022-11-08,Groceries,-146.95,ACH_DEBIT,448.94
2022-11-08,Coffee,-2.24,QUICKPAY_DEBIT,108.31
2022-11-09,Streaming Services,-14.07,DEBIT_CARD,616.76
2022-11-09,Coffee,-3.43,ACH_DEBIT,852.52
2022-11-10,Coffee,-6.85,ACH_DEBIT,875.99
2022-11-10,Groceries,-76.22,ACH_DEBIT,1427.67
2022-11-11,Restaurant,-10.2,DEBIT_CARD,2821.73
2022-11-11,Streaming Services,-13.15,DEBIT_CARD,581.22
2022-11-13,Groceries,-51.87,ACH_DEBIT,2507.59
2022-11-13,Restaurant,-27.77,DEBIT_CARD,2179.24
2022-11-16,Shopping,-68.12,ACH_DEBIT,476.03
2022-11-16,Travel,-145.82,QUICKPAY_DEBIT,405.79
2022-11-17,Shopping,-60.66,QUICKPAY_DEBIT,1735.82
2022-11-18,Travel,-28.57,QUICKPAY_DEBIT,1846.04
2022-11-19,Shopping,-47.95,QUICKPAY_DEBIT,645.54
2022-11-20,Groceries,-18.35,ACH_DEBIT,2354.17
2022-11-20,Coffee,-4.6,QUICKPAY_DEBIT,439.89
2022-11-21,Coffee,-8.12,DEBIT_CARD,116.09
2022-11-21,Shopping,-30.22,QUICKPAY_DEBIT,1440.27
2022-11-22,Shopping,-96.04,DEBIT_CARD,1101.75
2022-11-22,Travel,-64.63,QUICKPAY_DEBIT,2172.25
2022-11-26,Travel,-42.96,QUICKPAY_DEBIT,2194.48
2022-11-26,Coffee,-8.21,QUICKPAY_DEBIT,1047.13
2022-11-27,Shopping,-59.2,DEBIT_CARD,460.82
2022-11-27,Groceries,-42.9,ACH_DEBIT,917.76
2022-11-29,Travel,-24.94,ACH_DEBIT,1057.36
2022-11-29,Shopping,-35.28,QUICKPAY_DEBIT,744.53
2022-11-30,Streaming Services,-14.87,DEBIT_CARD,725.76
2022-12-02,Snacks,-8.14,QUICKPAY_DEBIT,2676.76
2022-12-02,Travel,-118.71,ACH_DEBIT,1850.4
2022-12-03,Groceries,-13.54,DEBIT_CARD,423.3
2022-12-05,Coffee,-8.67,DEBIT_CARD,2864.39
2022-12-07,Snacks,-2.0,ACH_DEBIT,1339.34
2022-12-08,Coffee,-3.35,DEBIT_CARD,896.12
2022-12-08,Groceries,-12.65,ACH_DEBIT,2524.2
2022-12-10,Coffee,-3.63,QUICKPAY_DEBIT,1201.29
2022-12-10,Snacks,-1.41,QUICKPAY_DEBIT,2076.84
2022-12-11,Coffee,-6.71,QUICKPAY_DEBIT,1661.33
2022-12-11,Coffee,-7.94,QUICKPAY_DEBIT,553.13
2022-12-12,Travel,-149.14,ACH_DEBIT,2713.72
2022-12-13,Coffee,-8.78,DEBIT_CARD,786.47
2022-12-13,Snacks,-1.34,ACH_DEBIT,1600.84
2022-12-14,Coffee,-6.63,DEBIT_CARD,1106.82
2022-12-15,Groceries,-94.27,QUICKPAY_DEBIT,186.91
2022-12-15,Restaurant,-33.23,QUICKPAY_DEBIT,1372.82
2022-12-17,Travel,-119.04,ACH_DEBIT,2658.18
2022-12-18,Snacks,-1.84,ACH_DEBIT,2218.32
2022-12-18,Restaurant,-21.04,DEBIT_CARD,1464.94
2022-12-20,Groceries,-102.31,QUICKPAY_DEBIT,2187.32
2022-12-22,Groceries,-147.95,DEBIT_CARD,1670.72
2022-12-25,Streaming Services,-9.54,DEBIT_CARD,2908.71
2022-12-26,Coffee,-7.33,QUICKPAY_DEBIT,2173.43
2022-12-26,Coffee,-6.07,DEBIT_CARD,104.01
2022-12-27,Groceries,-21.02,ACH_DEBIT,2455.84
2022-12-29,Shopping,-93.48,DEBIT_CARD,1560.5
2022-12-29,Shopping,-55.0,QUICKPAY_DEBIT,2584.05
2022-12-30,Restaurant,-45.58,ACH_DEBIT,760.38
2022-12-31,Streaming Services,-10.48,QUICKPAY_DEBIT,1501.04
2022-12-31,Restaurant,-32.4,QUICKPAY_DEBIT,2112.4
2023-01-01,Groceries,-123.86,QUICKPAY_DEBIT,2668.36
2023-01-02,Streaming Services,-7.35,DEBIT_CARD,1703.36
2023-01-05,Streaming Services,-11.81,QUICKPAY_DEBIT,221.69
2023-01-05,Snacks,-2.89,DEBIT_CARD,2823.25
2023-01-06,Groceries,-133.14,DEBIT_CARD,2614.73
2023-01-06,Shopping,-76.34,QUICKPAY_DEBIT,2832.05
2023-01-08,Streaming Services,-17.49,ACH_DEBIT,302.22
2023-01-09,Coffee,-5.79,QUICKPAY_DEBIT,1236.5
2023-01-09,Snacks,-7.51,DEBIT_CARD,2136.11
2023-01-14,Coffee,-5.38,DEBIT_CARD,601.73
2023-01-15,Restaurant,-33.24,ACH_DEBIT,2205.26
2023-01-16,Coffee,-6.07,DEBIT_CARD,1313.11
2023-01-16,Travel,-58.24,ACH_DEBIT,2015.98
2023-01-17,Snacks,-7.18,ACH_DEBIT,1562.37
2023-01-17,Streaming Services,-11.86,QUICKPAY_DEBIT,688.04
2023-01-18,Shopping,-97.61,QUICKPAY_DEBIT,2166.48
2023-01-19,Streaming Services,-16.53,QUICKPAY_DEBIT,678.55
2023-01-20,Coffee,-8.72,QUICKPAY_DEBIT,1461.95
2023-01-21,Groceries,-94.09,QUICKPAY_DEBIT,1476.78
2023-01-22,Restaurant,-29.57,QUICKPAY_DEBIT,365.33
2023-01-24,Coffee,-6.4,DEBIT_CARD,2412.88
2023-01-26,Snacks,-5.75,QUICKPAY_DEBIT,2031.67
2023-01-26,Snacks,-5.09,QUICKPAY_DEBIT,2446.43
2023-01-31,Snacks,-6.86,ACH_DEBIT,2115.0
2023-01-31,Streaming Services,-10.54,ACH_DEBIT,882.49
2023-02-02,Snacks,-4.62,DEBIT_CARD,2947.61
2023-02-03,Restaurant,-41.84,ACH_DEBIT,1264.2
2023-02-04,Travel,-37.05,DEBIT_CARD,1397.76
2023-02-05,Streaming Services,-13.45,QUICKPAY_DEBIT,1219.72
2023-02-05,Travel,-114.48,ACH_DEBIT,1654.45
2023-02-08,Travel,-112.67,QUICKPAY_DEBIT,1452.03
2023-02-09,Restaurant,-16.29,ACH_DEBIT,1513.12
2023-02-09,Snacks,-8.7,ACH_DEBIT,282.18
2023-02-10,Streaming Services,-13.11,QUICKPAY_DEBIT,2296.14
2023-02-11,Groceries,-140.45,DEBIT_CARD,1382.48
2023-02-16,Snacks,-5.77,ACH_DEBIT,2822.22
2023-02-18,Travel,-72.9,DEBIT_CARD,2334.24
2023-02-19,Travel,-112.04,QUICKPAY_DEBIT,169.05
2023-02-19,Shopping,-45.63,ACH_DEBIT,2126.12
2023-02-20,Streaming Services,-7.61,QUICKPAY_DEBIT,1330.25
2023-02-20,Coffee,-5.27,ACH_DEBIT,1102.44
2023-02-21,Travel,-54.56,DEBIT_CARD,2406.43
2023-02-21,Shopping,-87.67,ACH_DEBIT,2706.99
2023-02-23,Streaming Services,-19.71,QUICKPAY_DEBIT,1638.9
2023-02-24,Travel,-50.95,QUICKPAY_DEBIT,150.15
2023-02-25,Shopping,-53.03,DEBIT_CARD,1872.15
2023-02-25,Coffee,-5.51,DEBIT_CARD,1754.79
2023-02-27,Streaming Services,-19.9,QUICKPAY_DEBIT,840.94
2023-02-27,Groceries,-47.43,QUICKPAY_DEBIT,1158.3
2023-02-28,Travel,-146.45,DEBIT_CARD,495.33
2023-03-02,Restaurant,-41.27,DEBIT_CARD,420.55
2023-03-02,Streaming Services,-7.8,DEBIT_CARD,2132.77
2023-03-03,Shopping,-38.79,DEBIT_CARD,104.4
2023-03-03,Travel,-79.14,DEBIT_CARD,103.84
2023-03-04,Shopping,-90.94,ACH_DEBIT,2186.16
2023-03-04,Travel,-61.87,QUICKPAY_DEBIT,601.98
2023-03-07,Coffee,-7.44,QUICKPAY_DEBIT,208.15
2023-03-07,Shopping,-86.78,QUICKPAY_DEBIT,2743.99
2023-03-09,Restaurant,-19.17,ACH_DEBIT,2428.53
2023-03-13,Coffee,-5.74,QUICKPAY_DEBIT,1594.26
2023-03-14,Shopping,-88.22,DEBIT_CARD,1489.97
2023-03-14,Groceries,-57.75,ACH_DEBIT,2525.27
2023-03-15,Snacks,-1.11,QUICKPAY_DEBIT,2803.02
2023-03-17,Groceries,-109.53,DEBIT_CARD,954.69
2023-03-17,Snacks,-6.16,DEBIT_CARD,2941.53
2023-03-19,Groceries,-62.35,QUICKPAY_DEBIT,2307.4
2023-03-20,Groceries,-27.77,QUICKPAY_DEBIT,1905.29
2023-03-20,Coffee,-3.06,QUICKPAY_DEBIT,1376.76
2023-03-21,Streaming Services,-11.72,DEBIT_CARD,2211.96
2023-03-24,Groceries,-129.49,ACH_DEBIT,585.81
2023-03-26,Groceries,-28.3,ACH_DEBIT,1197.32
2023-03-27,Streaming Services,-19.66,QUICKPAY_DEBIT,2048.68
2023-03-27,Shopping,-41.27,DEBIT_CARD,1300.78
2023-03-28,Travel,-136.92,ACH_DEBIT,1177.76
2023-03-28,Groceries,-56.03,QUICKPAY_DEBIT,1005.3
2023-03-29,Streaming Services,-18.8,DEBIT_CARD,164.57
2023-03-29,Restaurant,-11.55,DEBIT_CARD,1402.16
2023-04-01,Streaming Services,-5.19,DEBIT_CARD,529.09
2023-04-01,Snacks,-7.7,ACH_DEBIT,1494.79
2023-04-03,Restaurant,-48.08,ACH_DEBIT,1787.04
2023-04-03,Groceries,-64.28,QUICKPAY_DEBIT,943.5
2023-04-04,Streaming Services,-18.27,ACH_DEBIT,553.36
2023-04-05,Groceries,-124.99,ACH_DEBIT,1813.02
2023-04-05,Shopping,-15.78,ACH_DEBIT,2715.52
2023-04-06,Groceries,-148.23,DEBIT_CARD,2641.66
2023-04-06,Snacks,-8.95,DEBIT_CARD,765.71
2023-04-08,Restaurant,-38.52,DEBIT_CARD,2140.85
2023-04-08,Shopping,-42.3,QUICKPAY_DEBIT,1214.85
2023-04-10,Groceries,-39.3,QUICKPAY_DEBIT,1851.47
2023-04-12,Travel,-51.8,ACH_DEBIT,2419.7
2023-04-12,Restaurant,-21.88,DEBIT_CARD,964.73
2023-04-14,Coffee,-3.12,QUICKPAY_DEBIT,220.98
2023-04-15,Streaming Services,-16.67,ACH_DEBIT,2779.04
2023-04-16,Shopping,-46.97,QUICKPAY_DEBIT,2441.38
2023-04-16,Streaming Services,-13.24,QUICKPAY_DEBIT,1780.7
2023-04-17,Snacks,-7.36,QUICKPAY_DEBIT,1825.96
2023-04-17,Snacks,-8.71,ACH_DEBIT,1330.06
2023-04-18,Restaurant,-48.24,DEBIT_CARD,520.9
2023-04-19,Restaurant,-23.49,QUICKPAY_DEBIT,2454.87
2023-04-19,Groceries,-147.91,ACH_DEBIT,2219.44
2023-04-20,Snacks,-1.95,QUICKPAY_DEBIT,981.96
2023-04-20,Restaurant,-20.23,ACH_DEBIT,1293.96
2023-04-21,Streaming Services,-13.67,ACH_DEBIT,1427.58
2023-04-21,Shopping,-60.53,DEBIT_CARD,1889.83
2023-04-22,Shopping,-94.66,DEBIT_CARD,1299.11
2023-04-25,Groceries,-99.68,ACH_DEBIT,1154.22
2023-04-26,Snacks,-9.92,DEBIT_CARD,1400.61
2023-04-26,Snacks,-8.18,DEBIT_CARD,2802.6
2023-04-27,Shopping,-49.89,QUICKPAY_DEBIT,2564.99
2023-04-27,Restaurant,-11.67,ACH_DEBIT,1186.95
2023-04-28,Shopping,-75.07,DEBIT_CARD,242.81
2023-04-29,Groceries,-40.59,ACH_DEBIT,378.98
2023-04-29,Snacks,-1.99,DEBIT_CARD,319.14
2023-04-30,Streaming Services,-17.76,DEBIT_CARD,2155.13
2023-05-02,Coffee,-2.57,QUICKPAY_DEBIT,1422.94
2023-05-03,Coffee,-8.92,QUICKPAY_DEBIT,2104.56
2023-05-06,Restaurant,-21.57,DEBIT_CARD,2200.14
2023-05-07,Snacks,-2.46,ACH_DEBIT,1142.01
2023-05-07,Travel,-44.99,ACH_DEBIT,2015.06
2023-05-08,Coffee,-3.74,QUICKPAY_DEBIT,2660.0
2023-05-10,Shopping,-21.8,ACH_DEBIT,555.08
2023-05-14,Shopping,-15.55,ACH_DEBIT,729.17
2023-05-15,Shopping,-63.04,QUICKPAY_DEBIT,1487.94
2023-05-19,Snacks,-8.71,QUICKPAY_DEBIT,1623.74
2023-05-19,Shopping,-40.39,DEBIT_CARD,2279.34
2023-05-22,Restaurant,-21.26,QUICKPAY_DEBIT,359.79
2023-05-22,Restaurant,-40.71,ACH_DEBIT,2660.14
2023-05-24,Snacks,-3.46,ACH_DEBIT,392.89
2023-05-26,Travel,-63.56,QUICKPAY_DEBIT,1504.9
2023-05-26,Travel,-70.46,QUICKPAY_DEBIT,705.2
2023-05-30,Travel,-143.39,DEBIT_CARD,2475.41
2023-05-30,Travel,-69.44,DEBIT_CARD,1699.97
2023-05-31,Travel,-52.58,DEBIT_CARD,1078.85
2023-05-31,Groceries,-129.34,ACH_DEBIT,2993.75
2023-06-01,Shopping,-18.89,ACH_DEBIT,1812.72
2023-06-01,Travel,-96.24,DEBIT_CARD,2718.49
2023-06-02,Coffee,-8.89,DEBIT_CARD,2697.33
2023-06-02,Shopping,-46.74,DEBIT_CARD,2590.58
2023-06-03,Restaurant,-37.46,ACH_DEBIT,1175.85
2023-06-04,Coffee,-5.92,DEBIT_CARD,170.15
2023-06-04,Restaurant,-37.04,DEBIT_CARD,327.52
2023-06-05,Coffee,-6.22,QUICKPAY_DEBIT,2251.07
2023-06-08,Groceries,-112.29,DEBIT_CARD,2288.78
2023-06-09,Restaurant,-39.85,QUICKPAY_DEBIT,1554.31
2023-06-09,Streaming Services,-7.66,ACH_DEBIT,2852.12
2023-06-11,Shopping,-21.04,ACH_DEBIT,2168.95
2023-06-12,Travel,-132.9,DEBIT_CARD,2227.32
2023-06-14,Groceries,-92.88,QUICKPAY_DEBIT,1836.98
2023-06-14,Groceries,-13.31,ACH_DEBIT,500.08
2023-06-15,Restaurant,-25.02,QUICKPAY_DEBIT,1476.32
2023-06-15,Coffee,-5.97,DEBIT_CARD,805.87
2023-06-16,Snacks,-3.07,QUICKPAY_DEBIT,531.63
2023-06-19,Snacks,-1.84,ACH_DEBIT,1975.65
2023-06-19,Travel,-93.94,DEBIT_CARD,329.2
2023-06-20,Coffee,-7.62,QUICKPAY_DEBIT,1383.42
2023-06-20,Snacks,-6.93,ACH_DEBIT,386.47
2023-06-21,Restaurant,-33.05,DEBIT_CARD,616.91
2023-06-21,Coffee,-2.31,DEBIT_CARD,415.66
2023-06-22,Groceries,-66.05,ACH_DEBIT,1475.8
2023-06-23,Travel,-95.36,DEBIT_CARD,1270.23
2023-06-24,Groceries,-112.64,QUICKPAY_DEBIT,1843.01
2023-06-30,Travel,-134.43,DEBIT_CARD,1734.63
2023-06-30,Groceries,-143.17,QUICKPAY_DEBIT,1182.94
2023-07-01,Snacks,-3.92,QUICKPAY_DEBIT,415.38
2023-07-01,Coffee,-6.66,ACH_DEBIT,825.74
2023-07-02,Restaurant,-22.03,QUICKPAY_DEBIT,241.37
2023-07-02,Snacks,-7.82,DEBIT_CARD,1939.48
2023-07-03,Restaurant,-41.44,QUICKPAY_DEBIT,2413.23
2023-07-03,Snacks,-2.46,QUICKPAY_DEBIT,1380.47
2023-07-04,Shopping,-87.39,QUICKPAY_DEBIT,2420.94
2023-07-04,Restaurant,-28.09,ACH_DEBIT,935.59
2023-07-07,Shopping,-78.58,QUICKPAY_DEBIT,418.39
2023-07-09,Streaming Services,-19.78,DEBIT_CARD,702.22
2023-07-10,Restaurant,-48.76,QUICKPAY_DEBIT,1069.07
2023-07-10,Groceries,-130.05,DEBIT_CARD,2807.56
2023-07-12,Shopping,-76.32,DEBIT_CARD,2724.31
2023-07-15,Snacks,-4.5,ACH_DEBIT,1708.85
2023-07-15,Shopping,-91.28,QUICKPAY_DEBIT,1563.94
2023-07-16,Snacks,-6.86,QUICKPAY_DEBIT,2519.88
2023-07-17,Coffee,-9.82,DEBIT_CARD,2925.7
2023-07-18,Shopping,-67.45,ACH_DEBIT,2603.51
2023-07-20,Travel,-105.73,DEBIT_CARD,2685.92
2023-07-21,Coffee,-3.16,ACH_DEBIT,816.87
2023-07-22,Shopping,-28.37,DEBIT_CARD,2498.07
2023-07-22,Snacks,-6.46,DEBIT_CARD,1659.28
2023-07-24,Restaurant,-21.35,ACH_DEBIT,1357.73
2023-07-25,Snacks,-3.32,ACH_DEBIT,2866.27
2023-07-26,Groceries,-17.54,QUICKPAY_DEBIT,1288.86
2023-07-26,Groceries,-93.6,ACH_DEBIT,1768.22
2023-07-27,Shopping,-71.64,ACH_DEBIT,933.33
2023-07-30,Coffee,-9.44,ACH_DEBIT,2780.18
2023-07-30,Restaurant,-49.28,QUICKPAY_DEBIT,1328.86
2023-08-01,Shopping,-80.12,DEBIT_CARD,2470.55
2023-08-01,Restaurant,-12.26,ACH_DEBIT,1658.99
2023-08-02,Coffee,-9.42,QUICKPAY_DEBIT,1929.62
2023-08-03,Shopping,-93.88,ACH_DEBIT,216.71
2023-08-03,Snacks,-8.15,DEBIT_CARD,1156.59
2023-08-04,Restaurant,-33.47,ACH_DEBIT,2249.01
2023-08-04,Restaurant,-27.74,QUICKPAY_DEBIT,2714.84
2023-08-05,Coffee,-2.18,ACH_DEBIT,675.75
2023-08-05,Shopping,-59.29,QUICKPAY_DEBIT,1753.58
2023-08-06,Coffee,-9.42,DEBIT_CARD,1326.09
2023-08-07,Coffee,-5.55,ACH_DEBIT,1354.78
2023-08-11,Snacks,-2.47,ACH_DEBIT,714.88
2023-08-12,Streaming Services,-19.99,QUICKPAY_DEBIT,2066.34
2023-08-13,Coffee,-7.09,DEBIT_CARD,1423.09
2023-08-13,Snacks,-7.54,DEBIT_CARD,616.31
2023-08-14,Travel,-97.9,QUICKPAY_DEBIT,2723.73
2023-08-14,Restaurant,-30.31,ACH_DEBIT,2817.28
2023-08-15,Streaming Services,-9.45,QUICKPAY_DEBIT,1622.48
2023-08-15,Travel,-36.73,DEBIT_CARD,2497.1
2023-08-16,Streaming Services,-10.27,DEBIT_CARD,2311.21
2023-08-16,Snacks,-2.98,QUICKPAY_DEBIT,781.64
2023-08-17,Shopping,-99.87,DEBIT_CARD,1230.73
2023-08-18,Restaurant,-12.14,QUICKPAY_DEBIT,267.8
2023-08-18,Travel,-92.96,QUICKPAY_DEBIT,2404.0
2023-08-19,Groceries,-71.47,QUICKPAY_DEBIT,1452.97
2023-08-19,Coffee,-8.69,QUICKPAY_DEBIT,1269.71
2023-08-20,Shopping,-41.25,QUICKPAY_DEBIT,2090.4
2023-08-21,Groceries,-125.6,ACH_DEBIT,2797.47
2023-08-21,Groceries,-76.21,DEBIT_CARD,1996.73
2023-08-22,Travel,-136.84,QUICKPAY_DEBIT,288.48
2023-08-22,Restaurant,-37.32,ACH_DEBIT,1107.27
2023-08-23,Streaming Services,-8.17,QUICKPAY_DEBIT,1803.6
2023-08-24,Coffee,-5.32,DEBIT_CARD,2988.1
2023-08-25,Travel,-36.79,ACH_DEBIT,183.83
2023-08-27,Snacks,-3.27,ACH_DEBIT,885.33
2023-08-29,Restaurant,-17.99,QUICKPAY_DEBIT,2351.14
2023-08-29,Streaming Services,-19.41,ACH_DEBIT,690.28
2023-08-31,Snacks,-4.18,DEBIT_CARD,444.98
2023-08-31,Groceries,-53.86,QUICKPAY_DEBIT,2560.09
2023-09-02,Coffee,-7.82,ACH_DEBIT,2727.34
2023-09-02,Snacks,-4.41,DEBIT_CARD,2309.62
2023-09-03,Restaurant,-36.46,QUICKPAY_DEBIT,1209.93
2023-09-03,Travel,-118.28,DEBIT_CARD,1559.81
2023-09-04,Travel,-100.47,DEBIT_CARD,239.28
2023-09-04,Travel,-99.17,QUICKPAY_DEBIT,1453.0
2023-09-05,Groceries,-13.62,ACH_DEBIT,2988.07
2023-09-06,Coffee,-6.53,DEBIT_CARD,909.32
2023-09-06,Streaming Services,-5.19,QUICKPAY_DEBIT,1235.11
2023-09-11,Streaming Services,-16.58,ACH_DEBIT,1078.82
2023-09-11,Restaurant,-31.67,QUICKPAY_DEBIT,2945.67
2023-09-14,Restaurant,-42.39,ACH_DEBIT,1676.51
2023-09-16,Travel,-140.24,ACH_DEBIT,2265.68
2023-09-17,Travel,-85.55,DEBIT_CARD,2991.37
2023-09-18,Groceries,-30.11,QUICKPAY_DEBIT,2589.39
2023-09-18,Streaming Services,-19.38,ACH_DEBIT,508.56
2023-09-20,Groceries,-98.32,QUICKPAY_DEBIT,2142.4
2023-09-20,Shopping,-77.74,QUICKPAY_DEBIT,989.78
2023-09-21,Travel,-95.37,QUICKPAY_DEBIT,2677.06
2023-09-22,Restaurant,-34.56,QUICKPAY_DEBIT,1106.13
2023-09-22,Streaming Services,-6.18,DEBIT_CARD,1602.46
2023-09-23,Coffee,-6.22,ACH_DEBIT,883.69
2023-09-23,Coffee,-3.89,QUICKPAY_DEBIT,1874.41
2023-09-25,Travel,-149.04,QUICKPAY_DEBIT,2112.71
2023-09-26,Travel,-142.62,QUICKPAY_DEBIT,524.54
2023-09-26,Snacks,-2.47,QUICKPAY_DEBIT,2769.05
2023-09-27,Snacks,-1.55,ACH_DEBIT,1352.76
2023-09-28,Coffee,-8.32,DEBIT_CARD,2453.5
2023-09-28,Coffee,-3.09,ACH_DEBIT,1457.08
2023-09-30,Travel,-138.75,QUICKPAY_DEBIT,1384.43
2023-09-30,Snacks,-3.3,DEBIT_CARD,1715.32
2023-10-04,Restaurant,-45.51,ACH_DEBIT,1148.53
2023-10-04,Streaming Services,-14.01,DEBIT_CARD,1220.2
2023-10-07,Travel,-33.62,DEBIT_CARD,1854.45
2023-10-07,Shopping,-36.74,ACH_DEBIT,2327.43
2023-10-08,Snacks,-8.44,QUICKPAY_DEBIT,793.09
2023-10-08,Restaurant,-38.42,DEBIT_CARD,2662.98
2023-10-09,Snacks,-5.89,DEBIT_CARD,2501.67
2023-10-09,Groceries,-22.36,ACH_DEBIT,2666.21
2023-10-10,Snacks,-2.3,QUICKPAY_DEBIT,969.56
2023-10-11,Streaming Services,-16.51,QUICKPAY_DEBIT,184.19
2023-10-12,Coffee,-9.09,QUICKPAY_DEBIT,1528.31
2023-10-12,Restaurant,-41.5,QUICKPAY_DEBIT,2800.22
2023-10-13,Snacks,-6.24,QUICKPAY_DEBIT,2910.84
2023-10-15,Coffee,-7.09,QUICKPAY_DEBIT,538.89
2023-10-16,Groceries,-117.81,DEBIT_CARD,1877.1
2023-10-18,Streaming Services,-12.7,QUICKPAY_DEBIT,2107.73
2023-10-18,Streaming Services,-15.32,QUICKPAY_DEBIT,2410.86
2023-10-19,Snacks,-3.87,QUICKPAY_DEBIT,2629.24
2023-10-19,Restaurant,-25.54,QUICKPAY_DEBIT,2682.42
2023-10-23,Shopping,-27.37,DEBIT_CARD,2881.44
2023-10-23,Shopping,-29.49,ACH_DEBIT,1788.0
2023-10-24,Groceries,-88.93,ACH_DEBIT,2483.18
2023-10-25,Snacks,-8.79,DEBIT_CARD,2340.82
2023-10-25,Groceries,-81.97,DEBIT_CARD,2255.41
2023-10-27,Coffee,-4.28,DEBIT_CARD,2765.82
2023-10-27,Coffee,-6.1,DEBIT_CARD,952.93
2023-10-28,Travel,-54.89,QUICKPAY_DEBIT,210.44
2023-10-28,Restaurant,-36.44,QUICKPAY_DEBIT,564.4
2023-10-31,Snacks,-5.81,DEBIT_CARD,2622.93
2023-11-01,Groceries,-40.22,ACH_DEBIT,1169.17
2023-11-02,Restaurant,-33.98,QUICKPAY_DEBIT,2964.99
2023-11-03,Groceries,-137.12,DEBIT_CARD,2952.67
2023-11-03,Shopping,-42.82,DEBIT_CARD,851.33
2023-11-04,Travel,-126.64,QUICKPAY_DEBIT,1693.64
2023-11-05,Restaurant,-17.56,QUICKPAY_DEBIT,1544.75
2023-11-05,Snacks,-3.74,QUICKPAY_DEBIT,530.34
2023-11-06,Groceries,-142.7,QUICKPAY_DEBIT,2688.11
2023-11-07,Groceries,-90.58,DEBIT_CARD,1998.16
2023-11-08,Shopping,-89.72,DEBIT_CARD,1335.53
2023-11-08,Snacks,-6.97,ACH_DEBIT,706.61
2023-11-10,Coffee,-7.34,ACH_DEBIT,1959.27
2023-11-12,Restaurant,-33.36,QUICKPAY_DEBIT,1685.28
2023-11-12,Snacks,-1.4,DEBIT_CARD,2645.64
2023-11-13,Shopping,-42.92,QUICKPAY_DEBIT,600.26
2023-11-13,Streaming Services,-8.17,DEBIT_CARD,531.63
2023-11-14,Streaming Services,-18.58,DEBIT_CARD,2875.69
2023-11-15,Restaurant,-44.25,DEBIT_CARD,477.66
2023-11-16,Coffee,-4.01,QUICKPAY_DEBIT,735.16
2023-11-17,Groceries,-41.72,DEBIT_CARD,738.67
2023-11-18,Groceries,-111.28,ACH_DEBIT,2138.24
2023-11-19,Snacks,-2.43,DEBIT_CARD,496.1
2023-11-22,Shopping,-27.8,ACH_DEBIT,1384.42
2023-11-22,Travel,-130.6,DEBIT_CARD,1340.57
2023-11-23,Travel,-127.16,QUICKPAY_DEBIT,331.93
2023-11-23,Snacks,-9.47,ACH_DEBIT,484.82
2023-11-24,Travel,-125.71,DEBIT_CARD,2636.46
2023-11-25,Shopping,-77.76,DEBIT_CARD,712.47
2023-11-25,Restaurant,-39.48,DEBIT_CARD,883.25
2023-11-26,Snacks,-9.75,ACH_DEBIT,2238.5
2023-11-26,Travel,-66.95,DEBIT_CARD,288.21
2023-11-27,Streaming Services,-7.81,QUICKPAY_DEBIT,2445.39
2023-11-28,Coffee,-6.32,ACH_DEBIT,1658.1
2023-12-01,Travel,-69.4,ACH_DEBIT,2205.33
2023-12-03,Travel,-92.24,DEBIT_CARD,2605.38
2023-12-03,Travel,-121.95,QUICKPAY_DEBIT,1028.49
2023-12-04,Snacks,-9.39,ACH_DEBIT,648.64
2023-12-05,Restaurant,-42.37,QUICKPAY_DEBIT,186.69
2023-12-07,Travel,-42.17,ACH_DEBIT,2324.73
2023-12-07,Streaming Services,-19.84,QUICKPAY_DEBIT,1094.19
2023-12-08,Groceries,-43.88,QUICKPAY_DEBIT,2775.97
2023-12-08,Streaming Services,-17.76,ACH_DEBIT,819.83
2023-12-09,Streaming Services,-14.59,DEBIT_CARD,2969.29
2023-12-09,Shopping,-23.58,ACH_DEBIT,2950.55
2023-12-10,Shopping,-94.42,ACH_DEBIT,1168.39
2023-12-10,Shopping,-44.69,QUICKPAY_DEBIT,1885.68
2023-12-12,Groceries,-86.68,QUICKPAY_DEBIT,1863.38
2023-12-14,Groceries,-139.6,DEBIT_CARD,853.09
2023-12-14,Snacks,-4.84,ACH_DEBIT,983.38
2023-12-15,Shopping,-89.57,QUICKPAY_DEBIT,1988.96
2023-12-15,Restaurant,-33.27,DEBIT_CARD,135.87
2023-12-16,Snacks,-7.25,DEBIT_CARD,725.11
2023-12-16,Restaurant,-35.58,ACH_DEBIT,796.8
2023-12-17,Streaming Services,-11.12,ACH_DEBIT,2731.1
2023-12-17,Streaming Services,-10.63,ACH_DEBIT,1229.7
2023-12-19,Coffee,-8.76,QUICKPAY_DEBIT,136.16
2023-12-20,Snacks,-1.85,DEBIT_CARD,851.76
2023-12-21,Shopping,-88.38,ACH_DEBIT,2837.11
2023-12-21,Streaming Services,-18.31,ACH_DEBIT,865.37
2023-12-22,Coffee,-4.09,QUICKPAY_DEBIT,1625.39
2023-12-22,Shopping,-79.47,DEBIT_CARD,1445.49
2023-12-25,Coffee,-5.32,DEBIT_CARD,214.83
2023-12-25,Travel,-91.06,DEBIT_CARD,1728.01
2023-12-31,Shopping,-65.83,DEBIT_CARD,808.72
2023-12-31,Travel,-125.49,QUICKPAY_DEBIT,1544.3
2024-01-02,Travel,-70.68,DEBIT_CARD,1585.08
2024-01-03,Restaurant,-10.93,ACH_DEBIT,1059.58
2024-01-03,Coffee,-5.3,QUICKPAY_DEBIT,2749.39
2024-01-04,Groceries,-58.05,QUICKPAY_DEBIT,506.41
2024-01-04,Travel,-61.87,ACH_DEBIT,847.27
2024-01-06,Snacks,-1.79,ACH_DEBIT,1391.97
2024-01-06,Restaurant,-38.02,QUICKPAY_DEBIT,1794.24
2024-01-07,Snacks,-7.77,ACH_DEBIT,860.97
2024-01-09,Shopping,-98.53,QUICKPAY_DEBIT,356.33
2024-01-09,Streaming Services,-13.53,QUICKPAY_DEBIT,1249.24
2024-01-10,Restaurant,-20.98,ACH_DEBIT,686.52
2024-01-10,Streaming Services,-19.22,ACH_DEBIT,1020.82
2024-01-12,Travel,-111.26,ACH_DEBIT,120.73
2024-01-13,Streaming Services,-14.85,QUICKPAY_DEBIT,279.26
2024-01-13,Restaurant,-30.28,QUICKPAY_DEBIT,2811.11
2024-01-14,Groceries,-125.85,QUICKPAY_DEBIT,2048.55
2024-01-14,Restaurant,-39.81,DEBIT_CARD,2820.61
2024-01-15,Snacks,-2.89,QUICKPAY_DEBIT,2254.5
2024-01-17,Groceries,-37.26,QUICKPAY_DEBIT,1765.84
2024-01-20,Restaurant,-15.62,QUICKPAY_DEBIT,899.58
2024-01-20,Groceries,-31.8,DEBIT_CARD,1414.48
2024-01-21,Travel,-111.12,DEBIT_CARD,2888.97
2024-01-21,Restaurant,-43.24,DEBIT_CARD,2002.44
2024-01-22,Streaming Services,-15.35,DEBIT_CARD,257.35
2024-01-24,Snacks,-1.75,QUICKPAY_DEBIT,915.46
2024-01-24,Travel,-104.74,ACH_DEBIT,2557.86
2024-01-25,Coffee,-3.83,DEBIT_CARD,627.0
2024-01-25,Travel,-32.8,QUICKPAY_DEBIT,256.41
2024-01-26,Travel,-125.93,QUICKPAY_DEBIT,386.03
2024-01-27,Restaurant,-13.14,QUICKPAY_DEBIT,1221.21
2024-01-28,Travel,-79.62,DEBIT_CARD,539.73
2024-01-28,Coffee,-3.07,DEBIT_CARD,1544.82
2024-01-29,Groceries,-88.35,DEBIT_CARD,2553.33
2024-01-31,Groceries,-47.68,DEBIT_CARD,985.97
2024-01-31,Groceries,-94.62,DEBIT_CARD,2563.39
2024-02-02,Travel,-118.5,DEBIT_CARD,234.95
2024-02-03,Streaming Services,-17.82,QUICKPAY_DEBIT,1328.72
2024-02-03,Shopping,-38.4,ACH_DEBIT,810.18
2024-02-04,Groceries,-23.67,QUICKPAY_DEBIT,357.43
2024-02-04,Streaming Services,-8.84,ACH_DEBIT,2058.08
2024-02-07,Streaming Services,-18.76,ACH_DEBIT,2265.31
2024-02-08,Snacks,-3.53,ACH_DEBIT,2415.39
2024-02-08,Streaming Services,-15.31,QUICKPAY_DEBIT,287.34
2024-02-12,Coffee,-6.65,DEBIT_CARD,1774.73
2024-02-13,Travel,-133.64,QUICKPAY_DEBIT,2918.27
2024-02-16,Restaurant,-38.57,ACH_DEBIT,424.51
2024-02-17,Groceries,-55.96,QUICKPAY_DEBIT,862.37
2024-02-18,Snacks,-3.41,QUICKPAY_DEBIT,1235.32
2024-02-19,Coffee,-5.56,DEBIT_CARD,1364.66
2024-02-20,Restaurant,-14.67,ACH_DEBIT,658.37
2024-02-20,Snacks,-9.97,ACH_DEBIT,2043.57
2024-02-21,Restaurant,-15.1,DEBIT_CARD,496.12
2024-02-21,Snacks,-4.37,QUICKPAY_DEBIT,1844.96
2024-02-26,Streaming Services,-15.41,ACH_DEBIT,2061.79
2024-02-26,Coffee,-8.81,DEBIT_CARD,1169.07
2024-02-28,Groceries,-81.2,ACH_DEBIT,669.75
2024-02-28,Coffee,-9.97,DEBIT_CARD,2513.05
2024-03-04,Groceries,-36.26,DEBIT_CARD,354.85
2024-03-07,Restaurant,-38.79,ACH_DEBIT,2394.05
2024-03-07,Restaurant,-16.08,DEBIT_CARD,119.46
2024-03-11,Restaurant,-26.66,DEBIT_CARD,2725.25
2024-03-11,Groceries,-66.36,DEBIT_CARD,330.07
2024-03-13,Shopping,-20.38,QUICKPAY_DEBIT,898.13
2024-03-13,Snacks,-5.43,QUICKPAY_DEBIT,1578.75
2024-03-14,Streaming Services,-16.25,DEBIT_CARD,2027.87
2024-03-15,Groceries,-115.41,QUICKPAY_DEBIT,437.0
2024-03-16,Snacks,-9.43,QUICKPAY_DEBIT,2626.85
2024-03-22,Restaurant,-38.07,QUICKPAY_DEBIT,2123.41
2024-03-23,Restaurant,-37.88,ACH_DEBIT,308.87
2024-03-24,Shopping,-23.44,DEBIT_CARD,2220.91
2024-03-27,Travel,-82.83,QUICKPAY_DEBIT,1698.28
2024-03-27,Streaming Services,-7.46,QUICKPAY_DEBIT,2258.96
2024-03-28,Groceries,-105.74,QUICKPAY_DEBIT,586.3
2024-03-28,Shopping,-24.13,ACH_DEBIT,228.28
2024-03-29,Shopping,-74.87,ACH_DEBIT,1725.8
2024-03-29,Travel,-90.39,QUICKPAY_DEBIT,1717.25
2024-03-30,Restaurant,-18.86,ACH_DEBIT,720.96
2024-03-30,Travel,-65.08,ACH_DEBIT,2983.11
2024-04-01,Snacks,-4.5,DEBIT_CARD,1335.49
2024-04-01,Snacks,-6.14,QUICKPAY_DEBIT,2249.47
2024-04-03,Streaming Services,-9.55,QUICKPAY_DEBIT,2495.49
2024-04-03,Travel,-144.18,ACH_DEBIT,1315.05
2024-04-04,Snacks,-4.28,QUICKPAY_DEBIT,128.26
2024-04-04,Coffee,-5.28,QUICKPAY_DEBIT,1172.44
2024-04-06,Coffee,-3.15,ACH_DEBIT,616.21
2024-04-07,Coffee,-7.68,DEBIT_CARD,2306.39
2024-04-08,Shopping,-15.82,QUICKPAY_DEBIT,253.21
2024-04-09,Groceries,-32.11,ACH_DEBIT,2406.65
2024-04-10,Snacks,-9.99,DEBIT_CARD,678.26
2024-04-11,Shopping,-46.9,ACH_DEBIT,240.08
2024-04-11,Snacks,-7.22,QUICKPAY_DEBIT,2575.7
2024-04-14,Snacks,-2.61,QUICKPAY_DEBIT,2609.12
2024-04-15,Streaming Services,-14.23,QUICKPAY_DEBIT,1653.61
2024-04-17,Streaming Services,-7.83,DEBIT_CARD,1911.92
2024-04-17,Groceries,-144.87,DEBIT_CARD,541.26
2024-04-18,Coffee,-4.47,ACH_DEBIT,2779.03
2024-04-19,Snacks,-1.01,QUICKPAY_DEBIT,2686.12
2024-04-19,Travel,-73.86,ACH_DEBIT,2273.13
2024-04-20,Coffee,-4.45,QUICKPAY_DEBIT,2651.02
2024-04-22,Restaurant,-36.56,DEBIT_CARD,1342.78
2024-04-22,Restaurant,-19.44,QUICKPAY_DEBIT,405.86
2024-04-24,Streaming Services,-15.55,ACH_DEBIT,965.05
2024-04-24,Coffee,-4.67,ACH_DEBIT,1646.96
2024-04-25,Shopping,-87.63,QUICKPAY_DEBIT,2008.44
2024-04-30,Shopping,-78.57,ACH_DEBIT,1155.34
2024-04-30,Coffee,-6.89,QUICKPAY_DEBIT,793.99
2024-05-02,Travel,-148.37,ACH_DEBIT,1405.84
2024-05-02,Coffee,-7.64,ACH_DEBIT,555.47
2024-05-03,Shopping,-96.8,QUICKPAY_DEBIT,858.21
2024-05-05,Restaurant,-11.1,QUICKPAY_DEBIT,1887.83
2024-05-06,Shopping,-21.91,QUICKPAY_DEBIT,2381.47
2024-05-09,Streaming Services,-9.88,ACH_DEBIT,260.69
2024-05-10,Restaurant,-28.97,QUICKPAY_DEBIT,2825.14
2024-05-10,Groceries,-28.72,DEBIT_CARD,1310.54
2024-05-11,Coffee,-9.73,QUICKPAY_DEBIT,1553.31
2024-05-12,Groceries,-129.87,ACH_DEBIT,2670.04
2024-05-14,Shopping,-51.05,QUICKPAY_DEBIT,1645.45
2024-05-14,Coffee,-4.03,DEBIT_CARD,931.97
2024-05-17,Groceries,-137.95,QUICKPAY_DEBIT,2308.75
2024-05-20,Groceries,-98.18,QUICKPAY_DEBIT,1169.45
2024-05-20,Snacks,-5.05,QUICKPAY_DEBIT,2118.98
2024-05-21,Shopping,-70.66,ACH_DEBIT,577.97
2024-05-21,Travel,-20.02,QUICKPAY_DEBIT,614.66
2024-05-22,Coffee,-8.55,ACH_DEBIT,1052.54
2024-05-23,Shopping,-47.57,QUICKPAY_DEBIT,2447.21
2024-05-23,Travel,-42.21,QUICKPAY_DEBIT,1817.99
2024-05-24,Coffee,-9.71,DEBIT_CARD,2035.61
2024-05-24,Travel,-50.66,ACH_DEBIT,2483.83
2024-05-25,Coffee,-8.94,ACH_DEBIT,2684.38
2024-05-26,Travel,-45.38,DEBIT_CARD,2598.28
2024-05-26,Travel,-44.52,ACH_DEBIT,119.9
2024-05-29,Restaurant,-39.15,DEBIT_CARD,2351.51
2024-05-29,Groceries,-62.59,ACH_DEBIT,2769.87
2024-05-30,Shopping,-66.89,DEBIT_CARD,2294.22
2024-05-30,Coffee,-9.61,DEBIT_CARD,442.68
2024-06-01,Snacks,-2.83,QUICKPAY_DEBIT,1862.94
2024-06-01,Streaming Services,-5.23,ACH_DEBIT,1666.66
2024-06-02,Snacks,-3.37,ACH_DEBIT,1098.49
2024-06-02,Travel,-58.44,DEBIT_CARD,2309.6
2024-06-03,Travel,-49.96,DEBIT_CARD,382.05
2024-06-05,Streaming Services,-13.36,QUICKPAY_DEBIT,2703.03
2024-06-05,Groceries,-63.68,DEBIT_CARD,668.29
2024-06-06,Streaming Services,-5.8,QUICKPAY_DEBIT,327.06
2024-06-06,Groceries,-132.27,ACH_DEBIT,132.94
2024-06-07,Restaurant,-34.9,QUICKPAY_DEBIT,2076.9
2024-06-07,Streaming Services,-13.17,DEBIT_CARD,1509.78
2024-06-08,Groceries,-57.37,ACH_DEBIT,1271.98
2024-06-09,Streaming Services,-5.95,QUICKPAY_DEBIT,502.41
2024-06-16,Groceries,-54.66,QUICKPAY_DEBIT,1858.11
2024-06-17,Travel,-27.7,ACH_DEBIT,1997.54
2024-06-17,Coffee,-2.85,QUICKPAY_DEBIT,1638.98
2024-06-18,Groceries,-46.5,QUICKPAY_DEBIT,1423.84
2024-06-18,Streaming Services,-13.1,DEBIT_CARD,1439.84
2024-06-19,Groceries,-113.47,ACH_DEBIT,2427.93
2024-06-19,Restaurant,-44.95,ACH_DEBIT,770.77
2024-06-20,Shopping,-54.61,ACH_DEBIT,2353.73
2024-06-22,Restaurant,-24.91,DEBIT_CARD,575.71
2024-06-23,Shopping,-83.45,QUICKPAY_DEBIT,2329.44
2024-06-25,Restaurant,-39.81,ACH_DEBIT,735.3
2024-06-25,Coffee,-9.55,ACH_DEBIT,1394.63
2024-06-26,Groceries,-67.6,QUICKPAY_DEBIT,2703.33
2024-06-27,Restaurant,-46.64,DEBIT_CARD,1459.06
2024-06-27,Shopping,-78.39,ACH_DEBIT,1738.29
2024-06-28,Restaurant,-46.29,QUICKPAY_DEBIT,1927.89
2024-06-28,Coffee,-7.13,ACH_DEBIT,2711.1
2024-06-30,Groceries,-111.51,QUICKPAY_DEBIT,2312.38
2024-07-01,Streaming Services,-18.61,DEBIT_CARD,2263.93
2024-07-01,Coffee,-8.13,ACH_DEBIT,2406.4
2024-07-02,Groceries,-19.22,DEBIT_CARD,1258.07
2024-07-02,Coffee,-2.79,ACH_DEBIT,1544.57
2024-07-04,Shopping,-44.33,QUICKPAY_DEBIT,709.42
2024-07-04,Groceries,-112.04,DEBIT_CARD,1739.53
2024-07-05,Shopping,-15.66,DEBIT_CARD,947.21
2024-07-07,Streaming Services,-8.87,ACH_DEBIT,1956.51
2024-07-08,Coffee,-3.82,DEBIT_CARD,2356.05
2024-07-08,Restaurant,-27.88,QUICKPAY_DEBIT,1530.47
2024-07-09,Streaming Services,-18.12,QUICKPAY_DEBIT,870.17
2024-07-10,Coffee,-2.49,QUICKPAY_DEBIT,2276.87
2024-07-10,Travel,-112.85,DEBIT_CARD,786.23
2024-07-12,Snacks,-5.17,ACH_DEBIT,2522.34
2024-07-13,Travel,-132.26,DEBIT_CARD,354.68
2024-07-13,Shopping,-22.95,DEBIT_CARD,654.06
2024-07-17,Travel,-113.01,QUICKPAY_DEBIT,753.1
2024-07-19,Streaming Services,-13.9,QUICKPAY_DEBIT,1497.55
2024-07-20,Streaming Services,-5.08,DEBIT_CARD,1251.16
2024-07-20,Restaurant,-40.24,QUICKPAY_DEBIT,189.1
2024-07-22,Travel,-119.1,ACH_DEBIT,2899.42
2024-07-23,Groceries,-50.34,QUICKPAY_DEBIT,2800.08
2024-07-24,Restaurant,-37.38,ACH_DEBIT,2034.88
2024-07-24,Coffee,-3.22,DEBIT_CARD,1514.99
2024-07-26,Streaming Services,-8.87,DEBIT_CARD,2451.43
2024-07-26,Restaurant,-35.56,DEBIT_CARD,546.01
2024-07-28,Travel,-113.16,QUICKPAY_DEBIT,1978.89
2024-07-29,Streaming Services,-16.55,ACH_DEBIT,2133.96
2024-07-30,Shopping,-16.87,QUICKPAY_DEBIT,631.09
2024-07-30,Coffee,-5.77,DEBIT_CARD,530.28
2024-07-31,Restaurant,-39.06,DEBIT_CARD,1158.84
2024-08-01,Restaurant,-19.12,QUICKPAY_DEBIT,2327.0
2024-08-03,Snacks,-9.51,ACH_DEBIT,2536.09
2024-08-03,Snacks,-7.11,ACH_DEBIT,2377.5
2024-08-05,Shopping,-89.33,ACH_DEBIT,1897.36
2024-08-07,Streaming Services,-9.66,ACH_DEBIT,1370.54
2024-08-08,Restaurant,-49.07,DEBIT_CARD,1048.69
2024-08-08,Travel,-84.23,ACH_DEBIT,779.28
2024-08-09,Shopping,-96.22,DEBIT_CARD,390.57
2024-08-09,Travel,-89.3,ACH_DEBIT,733.63
2024-08-10,Snacks,-1.37,ACH_DEBIT,444.09
2024-08-11,Coffee,-7.43,ACH_DEBIT,1769.23
2024-08-11,Streaming Services,-12.35,ACH_DEBIT,1038.55
2024-08-12,Shopping,-31.01,DEBIT_CARD,1952.25
2024-08-13,Shopping,-35.64,QUICKPAY_DEBIT,2082.81
2024-08-13,Snacks,-2.24,QUICKPAY_DEBIT,2107.23
2024-08-14,Travel,-74.41,ACH_DEBIT,2041.56
2024-08-14,Travel,-85.83,DEBIT_CARD,2380.51
2024-08-15,Restaurant,-33.29,QUICKPAY_DEBIT,1111.9
2024-08-15,Coffee,-9.43,ACH_DEBIT,177.03
2024-08-17,Coffee,-4.53,QUICKPAY_DEBIT,1364.08
2024-08-17,Shopping,-47.91,ACH_DEBIT,1700.98
2024-08-19,Streaming Services,-5.26,ACH_DEBIT,1187.22
2024-08-19,Streaming Services,-9.74,QUICKPAY_DEBIT,879.18
2024-08-23,Shopping,-30.24,QUICKPAY_DEBIT,1646.85
2024-08-24,Shopping,-61.78,ACH_DEBIT,1178.77
2024-08-25,Groceries,-147.02,ACH_DEBIT,421.15
2024-08-27,Groceries,-142.89,QUICKPAY_DEBIT,2978.53
2024-08-27,Groceries,-24.31,DEBIT_CARD,2077.8
2024-08-29,Coffee,-4.41,DEBIT_CARD,1495.46
2024-08-31,Coffee,-2.05,DEBIT_CARD,572.07
2024-09-02,Travel,-80.97,DEBIT_CARD,2851.16
2024-09-03,Snacks,-5.42,ACH_DEBIT,2916.04
2024-09-04,Streaming Services,-18.95,ACH_DEBIT,689.88
2024-09-04,Streaming Services,-15.3,ACH_DEBIT,938.26
2024-09-05,Travel,-45.02,ACH_DEBIT,749.1
2024-09-05,Snacks,-3.44,DEBIT_CARD,2554.67
2024-09-06,Snacks,-7.98,DEBIT_CARD,955.13
2024-09-06,Shopping,-45.51,QUICKPAY_DEBIT,150.89
2024-09-07,Groceries,-19.28,ACH_DEBIT,1660.25
2024-09-07,Streaming Services,-12.93,QUICKPAY_DEBIT,2010.92
2024-09-08,Snacks,-1.38,ACH_DEBIT,2052.35
2024-09-08,Snacks,-7.28,QUICKPAY_DEBIT,2268.21
2024-09-11,Streaming Services,-5.85,DEBIT_CARD,1897.7
2024-09-12,Groceries,-10.87,DEBIT_CARD,956.56
2024-09-12,Shopping,-60.46,QUICKPAY_DEBIT,995.6
2024-09-14,Groceries,-54.51,DEBIT_CARD,1909.97
2024-09-16,Travel,-48.96,ACH_DEBIT,581.32
2024-09-19,Restaurant,-48.44,QUICKPAY_DEBIT,1592.04
2024-09-21,Snacks,-1.15,ACH_DEBIT,2453.2
2024-09-21,Coffee,-2.44,DEBIT_CARD,1218.59
2024-09-22,Travel,-72.2,ACH_DEBIT,758.6
2024-09-23,Snacks,-7.61,DEBIT_CARD,2200.24
2024-09-24,Restaurant,-40.24,QUICKPAY_DEBIT,2657.57
2024-09-24,Streaming Services,-8.66,DEBIT_CARD,2738.18
2024-09-26,Groceries,-105.97,QUICKPAY_DEBIT,2049.43
2024-09-27,Snacks,-4.43,QUICKPAY_DEBIT,868.7
2024-09-27,Streaming Services,-6.81,QUICKPAY_DEBIT,2539.37
2024-09-29,Streaming Services,-19.51,ACH_DEBIT,383.93
2024-09-30,Streaming Services,-6.74,ACH_DEBIT,116.84
2024-09-30,Snacks,-9.53,DEBIT_CARD,2062.63
2024-10-01,Shopping,-50.84,QUICKPAY_DEBIT,2259.8
2024-10-01,Restaurant,-38.5,ACH_DEBIT,952.1
2024-10-02,Shopping,-59.59,ACH_DEBIT,2981.48
2024-10-02,Coffee,-8.75,DEBIT_CARD,2085.58
2024-10-04,Groceries,-133.47,DEBIT_CARD,2362.06
2024-10-04,Streaming Services,-6.05,ACH_DEBIT,1511.07
2024-10-05,Shopping,-25.22,DEBIT_CARD,2619.56
2024-10-05,Restaurant,-26.47,ACH_DEBIT,432.73
2024-10-07,Streaming Services,-11.58,QUICKPAY_DEBIT,2046.74
2024-10-07,Streaming Services,-16.94,DEBIT_CARD,1240.83
2024-10-09,Travel,-90.79,DEBIT_CARD,1268.04
2024-10-09,Streaming Services,-10.07,ACH_DEBIT,1580.51
2024-10-13,Travel,-84.2,DEBIT_CARD,2435.61
2024-10-13,Restaurant,-19.11,ACH_DEBIT,1836.59
2024-10-14,Snacks,-3.34,QUICKPAY_DEBIT,2176.32
2024-10-14,Shopping,-58.51,QUICKPAY_DEBIT,2776.59
2024-10-16,Coffee,-5.73,DEBIT_CARD,2064.48
2024-10-16,Coffee,-5.79,DEBIT_CARD,1834.31
2024-10-17,Restaurant,-49.23,ACH_DEBIT,2500.25
2024-10-20,Shopping,-94.05,QUICKPAY_DEBIT,2898.18
2024-10-20,Shopping,-79.14,QUICKPAY_DEBIT,1821.74
2024-10-21,Snacks,-2.37,QUICKPAY_DEBIT,1919.26
2024-10-21,Snacks,-1.85,QUICKPAY_DEBIT,470.89
2024-10-22,Restaurant,-44.83,ACH_DEBIT,2755.69
2024-10-26,Snacks,-6.4,DEBIT_CARD,2917.29
2024-10-26,Streaming Services,-18.21,QUICKPAY_DEBIT,1143.79
2024-10-27,Travel,-84.76,ACH_DEBIT,829.5
2024-10-27,Shopping,-92.87,DEBIT_CARD,514.2
2024-10-28,Travel,-146.43,ACH_DEBIT,2822.97
2024-10-28,Coffee,-5.66,QUICKPAY_DEBIT,2459.1
2024-10-29,Restaurant,-35.7,DEBIT_CARD,2156.48
2024-10-30,Travel,-66.64,QUICKPAY_DEBIT,1771.22
2024-10-31,Travel,-27.73,ACH_DEBIT,964.43
2024-11-03,Streaming Services,-13.67,DEBIT_CARD,1543.48
2024-11-03,Travel,-141.87,QUICKPAY_DEBIT,1564.96
2024-11-05,Snacks,-6.7,QUICKPAY_DEBIT,647.01
2024-11-05,Groceries,-107.42,QUICKPAY_DEBIT,2897.1
2024-11-07,Travel,-39.54,QUICKPAY_DEBIT,2691.18
2024-11-07,Restaurant,-10.23,QUICKPAY_DEBIT,2014.15
2024-11-08,Shopping,-46.99,ACH_DEBIT,2472.65
2024-11-09,Groceries,-72.71,QUICKPAY_DEBIT,785.61
2024-11-09,Restaurant,-15.86,QUICKPAY_DEBIT,1416.55
2024-11-11,Snacks,-1.83,QUICKPAY_DEBIT,2523.02
2024-11-12,Groceries,-27.86,DEBIT_CARD,1110.4
2024-11-13,Streaming Services,-6.43,QUICKPAY_DEBIT,1023.85
2024-11-13,Shopping,-52.09,DEBIT_CARD,2772.69
2024-11-14,Travel,-88.17,QUICKPAY_DEBIT,2022.15
2024-11-14,Snacks,-7.8,QUICKPAY_DEBIT,2269.88
2024-11-15,Streaming Services,-15.37,QUICKPAY_DEBIT,2129.13
2024-11-15,Coffee,-7.99,QUICKPAY_DEBIT,2056.73
2024-11-16,Groceries,-118.6,QUICKPAY_DEBIT,622.44
2024-11-18,Streaming Services,-7.92,QUICKPAY_DEBIT,1936.34
2024-11-19,Shopping,-52.28,DEBIT_CARD,2154.84
2024-11-22,Streaming Services,-5.69,ACH_DEBIT,2368.43
2024-11-23,Coffee,-7.57,QUICKPAY_DEBIT,1036.48
2024-11-23,Coffee,-3.55,DEBIT_CARD,856.58
2024-11-25,Coffee,-5.48,ACH_DEBIT,1243.3
2024-11-25,Coffee,-6.67,QUICKPAY_DEBIT,1774.85
2024-11-26,Shopping,-96.1,ACH_DEBIT,756.11
2024-11-27,Streaming Services,-6.0,QUICKPAY_DEBIT,2588.38
2024-11-27,Streaming Services,-9.42,DEBIT_CARD,1984.95
2024-11-29,Coffee,-9.19,ACH_DEBIT,1216.04
2024-11-30,Coffee,-6.93,DEBIT_CARD,2196.69
2024-12-01,Shopping,-46.97,ACH_DEBIT,1242.56
